{"cameraMode":{"drawMode":0,"name":"Shaded","section":"Shading Mode"},"sceneLighting":true,"audioPlay":false,"sceneViewState":{"showFog":true,"showMaterialUpdate":false,"showSkybox":true,"showFlares":true,"showImageEffects":true,"showParticleSystems":true},"in2DMode":false,"pivot":{"x":-3.4413042068481447,"y":3.1137571334838869,"z":7.959613800048828},"rotation":{"x":0.0505429282784462,"y":-0.6452339887619019,"z":0.04284797981381416,"w":0.7611085176467896},"size":22.0,"orthographic":false}