{"cameraMode":{"drawMode":0,"name":"Shaded","section":"Shading Mode"},"sceneLighting":true,"audioPlay":false,"sceneViewState":{"showFog":true,"showMaterialUpdate":false,"showSkybox":true,"showFlares":true,"showImageEffects":true,"showParticleSystems":true},"in2DMode":false,"pivot":{"x":-9.621695518493653,"y":28.011459350585939,"z":-6.864938259124756},"rotation":{"x":0.27431610226631167,"y":-0.1927688866853714,"z":0.05637354403734207,"w":0.9405667185783386},"size":7.989081859588623,"orthographic":false}