{"cameraMode":{"drawMode":0,"name":"Shaded","section":"Shading Mode"},"sceneLighting":true,"audioPlay":false,"sceneViewState":{"showFog":true,"showMaterialUpdate":false,"showSkybox":true,"showFlares":true,"showImageEffects":true,"showParticleSystems":true},"in2DMode":false,"pivot":{"x":0.923084557056427,"y":-35.13993835449219,"z":27.240793228149415},"rotation":{"x":-0.44862616062164309,"y":-0.016890447586774827,"z":0.008485746569931507,"w":-0.8935366272926331},"size":61.26567459106445,"orthographic":false}