{"cameraMode":{"drawMode":0,"name":"Shaded","section":"Shading Mode"},"sceneLighting":false,"audioPlay":false,"sceneViewState":{"showFog":true,"showMaterialUpdate":false,"showSkybox":false,"showFlares":true,"showImageEffects":true,"showParticleSystems":true},"in2DMode":false,"pivot":{"x":-2.6552579402923586,"y":3.9314870834350588,"z":4.26442813873291},"rotation":{"x":-0.10809984803199768,"y":0.0020848880521953108,"z":-0.0002282748610014096,"w":-0.9941502213478088},"size":9.335458755493164,"orthographic":false}